session_id,user_satisfaction,bot_accuracy,issue_resolved,chat_complete,quality_score,summary,model_used,generated_at
"session-1761488409401-iz2u4uh","medium","high","true","true","90","The user inquired about a green velvet sofa. The assistant provided multiple options with green velvet sofas, including detailed descriptions, images, and prices. The user's problem was resolved as they were presented with various suitable products.","mistral","2026-02-11T09:17:10.910Z"
"session-1761518813065-zaj9jc2","not_applicable","high","false","true","80","The user initiated a test conversation with Charini. The assistant responded appropriately, acknowledging the user and asking how it could help.","mistral","2026-02-11T09:18:02.262Z"
"session-1761522626596-rldnw6o","medium","high","false","false","80","The user was looking for chairs and the assistant asked about the specific type of chairs needed (dining, occasional, or office) to guide further search.","mistral","2026-02-11T09:18:38.562Z"
"session-1761523541195-jcuvnkw","high","high","true","true","95","The user was looking to purchase a rug. The assistant provided a list of available rugs with descriptions and prices. The user then asked about the return policy, which the assistant explained in detail for both small and large items. The user also clarified the return period, which is within 7 days of delivery.","mistral","2026-02-11T09:20:21.895Z"
"session-1761524036797-y0khynv","medium","high","false","true","75","The user inquired about the warranty on foam for sofas. The assistant acknowledged the question but was unable to provide a direct answer, instead guiding the user to contact customer service for accurate and up-to-date information.","mistral","2026-02-11T09:21:54.671Z"
"session-1761524511430-p2z4c9u","medium","high","false","true","85","The user inquired about their order's delivery date. The assistant requested and received necessary details to check the order, confirmed the expected delivery date, and explained how to manage or reschedule it if needed.","mistral","2026-02-11T09:23:15.591Z"
"session-1761525085325-y0mtfpj","medium","high","true","true","90","The user had an issue with the delivery date of their order for the Monolith Natural Cream Travertine Dining Table. The assistant asked for the order ID and email address to access the details and confirm the current expected delivery date (November 11th, 2025). The problem was resolved by providing the user with a link to manage or book their delivery on the Track Order page.","mistral","2026-02-11T09:24:14.472Z"
"session-1761525127868-vgm3g9c","high","high","true","true","95","The user had an issue with a wrong item being placed in their order. The assistant helped by checking the order details, explaining the possible solutions (cancellation, exchange), and finally facilitating an exchange without additional fees due to the store error. The user was informed about the raised support ticket and requested a call for follow-up.","mistral","2026-02-11T09:25:41.118Z"
"session-1761525297215-ugsocmo","low","high","false","true","70","The user inquired about the availability of Donata Rug 200cm x 290cm for the central coast area. The assistant searched for the product but couldn't find a matching one. The user provided a link to the product on Koala Living's website, but the assistant still couldn't locate it.","mistral","2026-02-11T09:26:48.537Z"
"session-1761525524765-1mf21xs","medium","high","false","true","75","The user inquired about the cost of membership. The assistant provided information on how to find the current pricing but was unable to provide the exact amount immediately.","mistral","2026-02-11T09:27:35.163Z"
"session-1761525809772-wnx20hh","high","high","true","true","95","The user requested information about dining chairs. The assistant provided a list of available options including various types such as vegan leather and velvet dining chairs. The user was able to find suitable options.","mistral","2026-02-11T09:29:14.384Z"
"session-1761526301704-zyu3oau","medium","high","true","true","85","The user inquired about the availability of 'Terzetto Pandora Brown Sintered Stone 6-Drawer Dresser - Medium Brown Wood'. The assistant provided options for both dark and medium brown versions along with their estimated delivery dates. When the user confirmed '2229', the assistant reiterated the same information, clarifying that it was a product ID rather than a specific model. The user then asked if the product would be delivered to their address, to which the assistant did not provide a direct answer, only repeating the delivery dates.","mistral","2026-02-11T09:30:28.440Z"
"session-1761526795368-lvurvkf","medium","high","false","true",,,"mistral","2026-02-11T09:32:51.974Z"
"session-1761529964848-ntnuhsm","low","medium","false","true","60","The user wanted to know which store has a specific coffee table on display. The assistant was unable to locate it despite the user providing detailed information and even the SKU. The user was asked for clarification multiple times, leading to low user satisfaction.","mistral","2026-02-11T09:34:18.477Z"
"session-1761530200085-tt7ly9c","low","high","false","true","75","The user inquired about a 60% discount and was informed that additional discounts are not offered. Despite the user asking specifically about Black Friday discounts, the assistant provided the same response as before. The issue was not fully resolved since the user's specific question remained unanswered.","mistral","2026-02-11T09:35:12.458Z"
"session-1761530299550-kgt5jjn","high","high","true","false","95","The user initially needed a green sofa and the assistant provided several options. The user then inquired about the estimated arrival time (ETA) for one of the sofas (Kelly Beige Velvet 3-Seater Sofa - Gold Legs). Upon providing a postal code, the assistant accurately calculated and provided the ETA.","mistral","2026-02-11T09:36:51.196Z"
"session-1761530640147-7muacli","medium","high","false","true","75","The user inquired about the manufacturer of the Vogue Beige Velvet 3 Seater Sofa and if it could be customized for white leather. The assistant was able to provide relevant information about the product but could not fulfill the request for a specific manufacturer or customization options as this information is not available in its current database.","mistral","2026-02-11T09:38:37.240Z"
"session-1761531062859-4cjgd0v","high","high","true","true","95","The user initially inquired about the availability of Riviera but was provided with information regarding a side table. After clarification, the assistant correctly identified the Riviera modular sofa and its estimated delivery date. Later, the user asked for options in Isabella color, and the assistant successfully presented relevant products.","mistral","2026-02-11T09:39:42.888Z"
"session-1761531455900-iwef4yn","medium","high","false","true","85","The user had an issue with a missing invoice for an order placed at the Osborne Park store. The assistant assisted in retrieving the order details but could not confirm if the deposit payment was correctly recorded. A support ticket was created to investigate this discrepancy and the user was advised to call the store directly. The user confirmed contacting the store using a different phone number than provided by the assistant.","mistral","2026-02-11T09:41:12.820Z"
"session-1761531601257-pisgteh","medium","high","true","false","85","The user requested a leather sofa, and the assistant provided several options with detailed descriptions and prices. The user then asked about estimated delivery times for each product, to which the assistant accurately responded.","mistral","2026-02-11T09:42:58.597Z"
"session-1761532503212-jb0aam2","medium","high","false","true","75","The user needed the phone number for Koala Living in Osborne Park. The assistant acknowledged that it doesn't have direct access to individual store contact numbers and advised the user to check the official Koala Living website or use a search engine.","mistral","2026-02-11T09:46:01.697Z"
"session-1761533501456-hisst6u","medium","high","true","true","85","The user inquired about a specific product and asked for the delivery date. The assistant provided the requested product details and delivered the estimated delivery date for the given postal code, clarifying that the order placed today would have an estimated arrival date of Oct 27, 2025.","mistral","2026-02-11T09:46:46.964Z"
"session-1761536711035-xpx1wum",,,,,,,"mistral","2026-02-11T09:49:14.168Z"
"session-1761536716842-w9k61jr","medium","high","true","true","90",,"mistral","2026-02-11T09:51:07.176Z"
"session-1761536836255-w6hrhf5","medium","high","false","false","80","The user initiated a chat without specifying any issue or need related to furniture. The assistant responded appropriately by asking about the user's furniture needs.","mistral","2026-02-11T09:51:44.130Z"
"session-1761536852451-0j4en0j",,,,,,,"mistral","2026-02-11T09:53:45.095Z"
"session-1761536960675-phiupss",,,,,,,"mistral","2026-02-11T09:55:55.100Z"
"session-1761537820087-cguaiw2",,,,,,,"mistral","2026-02-11T09:58:12.190Z"
"session-1761538010497-cetilx4","low","medium","false","true","65","The user experienced an issue with clicking the 'Place Order' button. The assistant acknowledged the problem and provided alternative ways of contacting support but did not resolve the issue.","mistral","2026-02-11T09:59:05.360Z"
"session-1761538060231-nla0f8p","medium","high","true","true","90","The user initially searched for an 'Aster black 3 seater sofa', but no matching results were found. The assistant provided alternative options and the user clarified by asking about 'Aster option'. The assistant then presented several options including sofas, side tables, and modular chaise lounges. The user finally selected the 'Aster Black Modular Right Chaise Lounge' for purchase and received an estimated delivery date.","mistral","2026-02-11T10:00:51.801Z"
"session-1761539630200-1xs0fpg","high","high","true","true","95","The user initially requested support and then inquired about fabric sofa options. The assistant provided a list of available fabric sofas with detailed descriptions and prices. The problem was successfully resolved as the user received the information they were seeking.","mistral","2026-02-11T10:02:24.315Z"
"session-1761541288421-vckmo6m","medium","high","false","true","85","The user was initially confused about the delivery date of their order but the assistant explained that an update in the system from July 26, 2025, consolidated the order and changed the estimated delivery date to November 25, 2025. However, the user still felt that there was a discrepancy between the initial and final dates provided.","mistral","2026-02-11T10:03:36.337Z"
"session-1761541386034-3mdybq7","medium","high","false","false","80","The user initially requested customer support without specifying a particular issue. The assistant responded accurately by asking for more details about the problem.","mistral","2026-02-11T10:05:02.435Z"
"session-1761541375267-an46ks3","medium","high","false","false","80","The user requested customer support number. The assistant asked for order ID and email address associated with the purchase.","mistral","2026-02-11T10:06:43.207Z"
"session-1761541660191-h47ytxb","unknown","medium","false","true","50","The user displayed interest in Koala Living but did not specify a problem or request. The assistant welcomed the user and offered help, marking a successful engagement but no issue resolution.","mistral","2026-02-11T10:07:32.781Z"
"session-1761539915340-zsiktpv","medium","high","true","true","85","The user inquired about the warranty on a specific fabric sofa model (Astoria ll Velvet Chair - Charcoal DC). The assistant provided detailed information about the product and unfortunately there was no clear warranty information available. The user then asked for estimated delivery date, which was provided. The user also inquired about deluxe delivery service and received an explanation. When the user requested customer support contact details, these were provided. Lastly, when the user confirmed that the assistant is from Koala Living, the assistant clarified its role.","mistral","2026-02-11T10:08:37.133Z"
"session-1761542906956-qgq7qro","medium","high","false","false","70","The user inquired about what Luxe Membership is and its benefits. The assistant provided information about the duration of Luxe Membership but failed to elaborate on its benefits. The issue regarding the benefits remains unresolved.","mistral","2026-02-11T10:09:29.916Z"
"session-1761542856340-rns7fby","medium","high","false","false","75","The user expressed a need for customer support. The assistant acknowledged the request and provided possible areas of assistance, such as order status, product information, delivery estimates, or membership details. However, the user's specific problem was not identified nor was it resolved in this initial exchange.","mistral","2026-02-11T10:10:15.123Z"
"session-1761543117894-qnc81fw","medium","high","false","true","80","The user requested support contact information and the assistant provided it, but no resolution was given as the user did not confirm if they have successfully contacted the support team.","mistral","2026-02-11T10:11:19.948Z"
"session-1761544575360-3j00n6h","low","medium","false","true","60","The user repeatedly inquired about the return policy for rugs. The assistant provided general information about Koala Living's return policy but was unable to provide a specific answer about the return policy for rugs.","mistral","2026-02-11T10:12:39.682Z"
"session-1761545707784-4qsxnjp","medium","high","false","true","85","The user inquired about the availability of two specific wall art pieces ('Secret Alpine' and 'Aftermath') at the Osborne Park store. The assistant could not provide immediate confirmation but suggested contacting the store or customer support for a specific stock check. The chat ended without resolution, as the user was advised to reach out to other channels for further assistance.","mistral","2026-02-11T10:13:32.174Z"
"session-1761546512089-vcg1d6r","medium","high","true","true","90","The user inquired about the warranty on the foam for sofas. The assistant provided an accurate response, stating that the warranty for manufacturing defects in lounge components, including foam, is 2 years from the date of collection or delivery.","mistral","2026-02-11T10:14:44.505Z"
"session-1761547021279-o68xqva","medium","high","true","true","85","The user had an issue with the delivery date of their order. The assistant requested and provided the necessary details to confirm the delivery date for the user's order (order ID: 251023628006, email: sohoholdings@outlook.com). Additionally, the assistant offered assistance in rescheduling the delivery date if needed.","mistral","2026-02-11T10:15:35.790Z"
"session-1761548256236-e8en11e",,,,,,,"mistral","2026-02-11T10:17:38.050Z"
"session-1761548475235-5ewhz31","not_applicable","high","false","true","80","The user initiated a conversation and was greeted by the assistant, starting an interaction to assist with finding furniture products.","mistral","2026-02-11T10:18:23.403Z"
"session-1761548574901-b1tyvsx","medium","low","false","false","50","The user tested Charini and the assistant acknowledged the unknown command but failed to offer further help.","mistral","2026-02-11T10:19:12.347Z"
"session-1761548947940-l5emf80","medium","high","true","false","85","The user inquired about the return policy for a rug. The assistant provided detailed information regarding the return process via email and also mentioned the option to drop off the product at a showroom after contacting customer service. However, the user's last message was unclear, leaving the conversation unresolved.","mistral","2026-02-11T10:20:13.833Z"
"session-1761550725460-uumbmmq","medium","high","false","true","75","The user wanted to place an order and asked if the delivery fees could be waived. The assistant explained that such discounts are usually only offered during promotional periods and provided suggestions for staying informed about future offers.","mistral","2026-02-11T10:20:59.924Z"
"session-1761551607378-cqs9r1s","medium","high","false","false","70","The user had an issue with no available delivery dates for their order. The assistant provided information about the estimated delivery range and directed the user to the Track Order portal, but was unable to book a specific date. The user's initial question remained unanswered.","mistral","2026-02-11T10:22:29.013Z"
"session-1761552712201-voixgdr","medium","high","false","true","80","The user inquired about viewing the 'Wilting Tree Painting' at a physical store in Osborne Park. The assistant was able to provide information on browsing the Wall Art collection online but could not confirm the availability of the specific painting at the store. The issue of verifying the painting's availability remains unresolved.","mistral","2026-02-11T10:23:48.884Z"
"session-1761555113317-7ijn65b","medium","high","false","false","75","The user initiated a conversation and was greeted by the assistant who introduced itself as Koala Living Concierge offering assistance with furniture, order tracking, or answering questions. No specific problem was identified or addressed.","mistral","2026-02-11T10:24:28.047Z"
"session-1761556106454-sq193ky",,,,,,,"mistral","2026-02-11T10:27:20.552Z"
"session-1761557647318-lwy8e61","medium","high","false","true","80","The user inquired about floor stock items. The assistant provided information on clearance and floor stock sales, stating that discounts may apply to selected items, but availability cannot be guaranteed across all galleries. Additionally, the assistant suggested visiting the 'Last Chance' category on Koala Living's website for discounted pieces.","mistral","2026-02-11T10:28:07.389Z"
"session-1761560142528-h0v636k","medium","high","true","true","95","The user inquired about the warranty of a fabric sofa. The assistant provided detailed information on Koala Living's warranty for manufacturing defects for all lounge components, including upholstery and foam, which lasts for 2 years from the date of collection or delivery.","mistral","2026-02-11T10:28:57.925Z"
"session-1761562820294-05xotml","low","high","false","true","80","The user inquired about a promo code and free shipping. The assistant provided information on the absence of additional discounts and methods to track promotions, as well as details regarding delivery costs which are determined at checkout.","mistral","2026-02-11T10:29:43.859Z"
"session-1761562173467-qqjyyag","high","high","true","true","95","The user expressed interest in purchasing a large Santiago rug. The assistant provided the available options from general stock and offered to assist further regarding specific floor stock availability. Upon receiving the user's postal code, the assistant checked delivery information and confirmed an estimated arrival date for the selected product.","mistral","2026-02-11T10:30:53.266Z"
"session-1761565285428-kmco7tr","medium","high","false","false","85","The user initially expressed interest in a leather sofa. The assistant provided several product recommendations and images for different styles and sizes of leather sofas, including a 3-seater, single seat, electric recliner, and modular chaise lounges. The user then asked about estimated time of arrival (ETA), prompting the assistant to ask for the user's postal code.","mistral","2026-02-11T10:32:31.002Z"
"session-1761592644144-m4spdn1","high","high","true","true","95","The user inquired about the availability of a specific product. The assistant provided the estimated delivery date and explained the pre-ordering process. After addressing additional questions related to pre-ordering and email enquiries, the user expressed satisfaction and ended the conversation.","mistral","2026-02-11T10:33:33.605Z"
"session-1761597499766-9udhow7","medium","high","true","true","85","The user inquired about purchasing a light chandelier from the provided link. The assistant confirmed the product and estimated delivery date, informed that pickup was not possible due to gallery limitations and OHS protocol, and offered assistance for future queries.","mistral","2026-02-11T10:34:37.172Z"
"session-1761597742389-bl9pg5u","high","high","true","true","95","The user inquired about a potential Black Friday sale. The assistant provided confirmation and offered a subscription for notification before the sale.","mistral","2026-02-11T10:35:18.779Z"
"session-1761600690197-95r8xas","medium","high","false","true","80","The user initially requested to speak with a human but the assistant provided various options for contacting customer support through different means. The user then expressed a desire to chat again, but the assistant repeated the previous response regarding human assistance, failing to recognize the change in the user's request.","mistral","2026-02-11T10:36:09.463Z"
"session-1761601907256-7bbzsk6","medium","high","true","true","85","The user inquired about payment options and was informed that Koala Living accepts Zip payments, which are interest-free. The user's problem was resolved.","mistral","2026-02-11T10:36:57.857Z"
"session-1761602899924-bdix36c","medium","high","true","true","85","The user inquired about floor stock items. The assistant provided information on available clearance and floor stock items, potential discounts, and directed the user to the Last Chance category on Koala Living's website.","mistral","2026-02-11T10:37:38.338Z"
"session-1761603450763-u7o1yrs","medium","high","true","true","85","The user initially sought contact details and the assistant provided various methods to reach out to customer support. Later, the user asked about benefits of Luxe Membership and the warranty of furniture, both of which were addressed accurately.","mistral","2026-02-11T10:38:26.659Z"
"session-1761605669470-pw5pt0h","medium","high","true","false","85","The user initially wanted to edit their cart but was informed that direct editing isn't typically available after an order is confirmed. However, the assistant helped the user cancel certain unconfirmed items in their order and provided a contact phone number for further assistance.","mistral","2026-02-11T10:39:36.658Z"
"session-1761605125086-2gw1oyz","medium","high","true","true","85","The user inquired about payment options, specifically American Express. The assistant correctly informed that Visa and Mastercard are accepted online, but didn't directly answer the question about American Express. However, the user was subsequently informed that American Express is accepted in-store.","mistral","2026-02-11T10:41:42.097Z"
"session-1761606009640-xrebije","medium","high","true","true","85","The user inquired about the payment method for Koala Living invoices. The assistant provided information on multiple options such as in-store cash or card payments, online payments through the Track Order portal, direct bank transfers, and Zip Pay. The user's question regarding paying 'once' was addressed with a suggestion of using Zip Pay, which allows for interest-free purchases.","mistral","2026-02-11T10:42:40.614Z"
"session-1761606267710-gg4hses","high","high","true","false","95","The user inquired about becoming a member. The assistant provided information on the Koala Living Luxe Membership, its cost, validity period, and current discount. The user expressed gratitude and asked about store location in Adelaide.","mistral","2026-02-11T10:43:43.444Z"
"session-1761606556535-jal201f","medium","high","false","true","85","The user requested to cancel unconfirmed items in their acrt order. The assistant asked for the order ID and email used for purchase. After receiving the information, the assistant provided a detailed summary of the current status of the user's order, including items ready for delivery/pickup, items arriving at the warehouse, and items yet to arrive. However, no action was taken to cancel unconfirmed items.","mistral","2026-02-11T10:44:36.908Z"
"session-1761607581558-zc79flw","medium","high","true","true","85","The user inquired about the availability of a specific product (San Pierre Ebony Brown Ash Veneer Coffee Table Low - Travertine Finish Sintered Stone Top). The assistant provided information regarding its estimated delivery date and presented other similar products. The user was informed that the item is currently out of stock but will be available for purchase by Dec 10, 2025. The user acknowledged the information and expressed gratitude.","mistral","2026-02-11T10:45:44.247Z"
"session-1761610211929-yhcoq25","medium","high","false","true","80","The user needed assistance from a team member. The assistant provided contact details for phone and email support, but did not directly facilitate the connection.","mistral","2026-02-11T10:46:42.099Z"
"session-1761611339539-l5siwvg","medium","high","false","true","85","The user inquired about the end date of a membership sale. The assistant provided information about an ongoing 50% discount for Luxe Members but could not confirm an end date due to it being undetermined. The assistant suggested subscribing to the newsletter and following social media platforms for updates on future promotions.","mistral","2026-02-11T10:47:33.310Z"
"session-1761611763200-dt1m1gi","low","medium","false","true","65","The user inquired about the trade member discount percentages and the assistant repeated similar responses multiple times without providing a clear or definitive answer. Although the user's question was not fully addressed, the chat was completed.","mistral","2026-02-11T10:48:26.114Z"
"session-1761614000972-2losax0","medium","high","true","true","85","The user had an issue with the delivery of their order (order ID: 250922579350). The assistant retrieved the order details and confirmed its status. The initial delivery date has passed, and a new expected delivery window was provided (6 November - 16 November 2025). The user was advised to track the order on the Koala Living Track Order page or contact customer support for further assistance.","mistral","2026-02-11T10:49:44.866Z"
"session-1761615479012-5k8gqkm","medium","high","false","false","70","The user inquired about the delivery status of an order and was provided with accurate information. The user requested to cancel a product due to long waiting time, but encountered a system error multiple times preventing the cancellation.","mistral","2026-02-11T10:51:28.573Z"
"session-1761616971524-31y4f6j","low","high","false","true","70","The user inquired about the availability of Terzetto Pandora Brown Sintered Stone Rectangular Dining Table - Dark Brown Ash Legs 240x120cm. The assistant searched the products and reported that no matching product was found.","mistral","2026-02-11T10:52:13.405Z"
"session-1761618935606-ggf973w","medium","high","true","true","80","The user inquired about human assistance. The assistant confirmed that the online team can help with product and lead time inquiries, and provided an email for customer support for other queries.","mistral","2026-02-11T10:53:20.879Z"
"session-1761620516378-gx7pzyv","low","medium","false","true","50","The user initially expressed frustration but did not clarify the specific issue. The assistant responded with a friendly greeting to try and assist.","mistral","2026-02-11T10:53:58.297Z"
"session-1761620366777-gd8f4e3","medium","high","false","true","70","The user inquired about the availability of items in their cart at a specific Koala Springvale store. The assistant provided an accurate response stating it doesn't have access to real-time inventory for specific stores, but recommended contacting the store or customer support team instead. However, the problem wasn't fully resolved as the user was not directly informed about the product availability.","mistral","2026-02-11T10:55:13.085Z"
"session-1761620950793-jdjt2mw","medium","high","false","true","85","The user inquired about viewing a specific rug (Curzio Rug 240cm X 330cm) in person. The assistant provided information on how to check the product availability at different store locations and advised the user to contact their nearest showroom directly.","mistral","2026-02-11T10:55:56.314Z"
"session-1761621832927-4hk58nw","medium","high","true","true","90","The user initially provided an order number for a purchase made at Koala Living. The assistant asked for the email address associated with the purchase to locate the order details. The assistant then successfully retrieved and presented the order summary, including items purchased, delivery statuses, and total amount. However, the user expressed a desire to speak with a human for further assistance, which was provided by offering an email address for customer support.","mistral","2026-02-11T10:58:06.672Z"
"session-1761621961739-5ma5dui","medium","high","false","false","75","The user initially requested to cancel certain items due to extended delivery dates. The assistant guided the user to provide necessary details such as order ID and email address. After providing the required information, the user mentioned they hadn't paid for the items yet, but the assistant did not respond or address this issue.","mistral","2026-02-11T10:59:02.544Z"
"session-1761622530545-6z73ogg",,,,,,,"mistral","2026-02-11T11:02:18.420Z"
"session-1761622666704-7a1ew0y",,,,,,,"mistral","2026-02-11T11:04:24.247Z"
"session-1761620814221-7bxrexc",,,,,,,"mistral","2026-02-11T11:06:28.832Z"
"session-1761622614252-g73r1sl","medium","high","true","true","90","The user inquired about the tracking number for their order (Order Number: 250112389). The assistant asked for the email address used for purchase and provided detailed information about the ordered items ('Terzetto Pandora Brown Sintered Stone Round Coffee Table Low - Dark Brown Ash Legs' and 'Love Tuberose Candle 200g DC') and their scheduled delivery date (2025-10-31). The user was also instructed on how to track the order on Koala Living's Track Order page.","mistral","2026-02-11T11:08:53.667Z"
"session-1761625055932-m1k7bp8","low","medium","false","true","70","The user inquired about getting a discount and was provided with information about the current Luxe Member offer. Despite expressing interest in a better deal as a loyal customer, the assistant was unable to provide this. The user continued to ask for additional discounts but was met with the same response. Finally, the user asked when the next sale would be and received information on how to stay updated.","mistral","2026-02-11T11:09:57.608Z"
"session-1761626433034-p3ns2g2","medium","high","true","true","85","The user inquired about speaking with a real person. The assistant provided contact information for the customer support team, thereby addressing and resolving the user's request.","mistral","2026-02-11T11:10:45.416Z"
"session-1761626435450-2b4rl5d","low","high","false","true","70","The user inquired about the designers and requested to speak with Joyce Low. The assistant provided information about the design process and suppliers, but could not connect the user directly with a specific individual. The user's issue was not fully resolved.","mistral","2026-02-11T11:11:38.462Z"
"session-1761627257710-8fc9ppl","low","medium","false","true","60","User repeatedly asked about the availability of the 'Santiago rug' in large size and free shipping. The assistant suggested contacting the nearest gallery or customer support for specific store stock checks but did not provide a definitive answer about the rug. The assistant explained that delivery costs vary based on item size, weight, and location for free shipping-related questions, but no alternative solutions or promotions were offered.","mistral","2026-02-11T11:13:39.646Z"
"session-1761628871184-q458sgu","medium","high","true","true","85","The user encountered an issue with the incorrect assembly of a purchased Auryn Gold Stainless Steel Bookshelf (order 250064992). The assistant assisted in creating a support ticket and provided the ticket ID (300797) for follow-up. The problem was resolved.","configured_model","2026-02-11T17:07:45.233Z"
"session-1761629849373-8639i4m","low","medium","false","true","70","The user asked for guidance on splitting payments between debit card and ZipPay. The assistant provided information about Zip payment but did not offer a solution for the specified issue. The user was advised to contact customer support directly.","configured_model","2026-02-11T17:08:48.201Z"
"session-1761630646216-u4xthmp","medium","high","true","false","85","The user had an issue with a partial delivery and wanted to add more items. The assistant guided the user through providing the order ID and email address, then displayed the status of the order including pending and delivered items. However, there was no confirmation from the user that their request to add additional items was successful.","configured_model","2026-02-11T17:09:47.789Z"
"session-1761630654452-vakfozf","low","medium","false","true","60","The user asked for round nesting coffee tables, but the assistant was unable to locate any matching products or provide alternatives, leading to user dissatisfaction.","configured_model","2026-02-11T17:10:37.222Z"
"session-1761632268941-8iuzp7u","medium","high","true","false","85","The user initially searched for a Santiago rug and received relevant results. Afterward, the user asked about the product they found, and the assistant provided details. The user then requested the ETA for a specific product, and the assistant provided that information. The user later expressed interest in editing their cart, but the assistant focused on canceling items. Despite this, the user's primary issues were resolved.","configured_model","2026-02-11T17:12:22.026Z"
"session-1761634028634-f9jux48","medium","high","false","true","85","The user inquired about their order status. The assistant helped them find the correct order ID, provided details about the items' delivery status, and explained a discrepancy between the system information and the user's received email regarding item availability.","configured_model","2026-02-11T17:13:30.639Z"
"session-1761635083138-7oigfv4","high","high","true","true","95","The user inquired about the status of order 250077571. The assistant responded with detailed information regarding the delivery and estimated arrival dates for each item in the order. The total amount due was also provided. The user's issue was fully resolved.","configured_model","2026-02-11T17:14:20.057Z"
"session-1761636079093-a92f4h9","medium","high","false","true","80","The user inquired about getting a quote. The assistant provided information on how to obtain it at the gallery or via the Track Order portal, and also mentioned the need for a new quote if the old one becomes invalid due to price changes. However, the user's initial question regarding 'help' with the quote was not directly addressed, which may have left the user needing further assistance.","configured_model","2026-02-11T17:16:06.119Z"
"session-1761637327476-0y9b676","medium","high","true","true","90","The user inquired about a contact number. The assistant provided multiple ways to reach the support team: phone, email, and contact form.","configured_model","2026-02-11T17:16:58.279Z"
"session-1761637609354-or125rs","low","medium","false","true","65","The user needed assistance in changing their delivery address. The assistant guided the user through the process but was unable to complete the request due to a temporary technical issue. The user expressed frustration and the assistant provided contact information for customer support.","configured_model","2026-02-11T17:18:33.753Z"